datum;wahl;ags;gebiet-nr;gebiet-name;max-schnellmeldungen;anz-schnellmeldungen;A1;A2;A3;A;B;B1;C;D;D1;D2;D3;D4;D5;D6
12.03.2023;Direktwahl zur Oberbürgermeisterin/zum Oberbürgermeister;06611000;111;Engelsburg-Gymnasium (111);1;0;;;;;;;;;;;;;;
12.03.2023;Direktwahl zur Oberbürgermeisterin/zum Oberbürgermeister;06611000;112;Engelsburg-Gymnasium (112);1;0;;;;;;;;;;;;;;
12.03.2023;Direktwahl zur Oberbürgermeisterin/zum Oberbürgermeister;06611000;113;Friedrichsgymnasium (113);1;0;;;;;;;;;;;;;;
12.03.2023;Direktwahl zur Oberbürgermeisterin/zum Oberbürgermeister;06611000;114;Friedrichsgymnasium (114);1;0;;;;;;;;;;;;;;
12.03.2023;Direktwahl zur Oberbürgermeisterin/zum Oberbürgermeister;06611000;121;Bildungsforum Sankt Michael (121);1;0;;;;;;;;;;;;;;
12.03.2023;Direktwahl zur Oberbürgermeisterin/zum Oberbürgermeister;06611000;131;Bildungsforum Sankt Michael (131);1;0;;;;;;;;;;;;;;
12.03.2023;Direktwahl zur Oberbürgermeisterin/zum Oberbürgermeister;06611000;211;Friedrich-Wöhler-Schule (211);1;0;;;;;;;;;;;;;;
12.03.2023;Direktwahl zur Oberbürgermeisterin/zum Oberbürgermeister;06611000;212;Kunsthochschule Kassel (212);1;0;;;;;;;;;;;;;;
12.03.2023;Direktwahl zur Oberbürgermeisterin/zum Oberbürgermeister;06611000;213;Kunsthochschule Kassel (213);1;0;;;;;;;;;;;;;;
12.03.2023;Direktwahl zur Oberbürgermeisterin/zum Oberbürgermeister;06611000;214;Friedrich-Wöhler-Schule (214);1;0;;;;;;;;;;;;;;
12.03.2023;Direktwahl zur Oberbürgermeisterin/zum Oberbürgermeister;06611000;221;Auefeldschule (221);1;0;;;;;;;;;;;;;;
12.03.2023;Direktwahl zur Oberbürgermeisterin/zum Oberbürgermeister;06611000;311;Heinrich-Schütz-Schule (311);1;0;;;;;;;;;;;;;;
12.03.2023;Direktwahl zur Oberbürgermeisterin/zum Oberbürgermeister;06611000;312;Heinrich-Schütz-Schule (312);1;0;;;;;;;;;;;;;;
12.03.2023;Direktwahl zur Oberbürgermeisterin/zum Oberbürgermeister;06611000;313;Heinrich-Schütz-Schule (313);1;0;;;;;;;;;;;;;;
12.03.2023;Direktwahl zur Oberbürgermeisterin/zum Oberbürgermeister;06611000;314;Heinrich-Schütz-Schule (314);1;0;;;;;;;;;;;;;;
12.03.2023;Direktwahl zur Oberbürgermeisterin/zum Oberbürgermeister;06611000;321;Ev. Kindertagesstätte (321);1;0;;;;;;;;;;;;;;
12.03.2023;Direktwahl zur Oberbürgermeisterin/zum Oberbürgermeister;06611000;322;Ev. Kindertagesstätte (322);1;0;;;;;;;;;;;;;;
12.03.2023;Direktwahl zur Oberbürgermeisterin/zum Oberbürgermeister;06611000;323;Albert-Schweitzer-Schule (323);1;0;;;;;;;;;;;;;;
12.03.2023;Direktwahl zur Oberbürgermeisterin/zum Oberbürgermeister;06611000;324;Luisenschule (324);1;0;;;;;;;;;;;;;;
12.03.2023;Direktwahl zur Oberbürgermeisterin/zum Oberbürgermeister;06611000;325;Luisenschule (325);1;0;;;;;;;;;;;;;;
12.03.2023;Direktwahl zur Oberbürgermeisterin/zum Oberbürgermeister;06611000;331;Stadtteilzentrum Vorderer Westen (331);1;0;;;;;;;;;;;;;;
12.03.2023;Direktwahl zur Oberbürgermeisterin/zum Oberbürgermeister;06611000;332;Stadtteilzentrum Vorderer Westen (332);1;0;;;;;;;;;;;;;;
12.03.2023;Direktwahl zur Oberbürgermeisterin/zum Oberbürgermeister;06611000;333;Luisenschule (333);1;0;;;;;;;;;;;;;;
12.03.2023;Direktwahl zur Oberbürgermeisterin/zum Oberbürgermeister;06611000;334;Diakonissenhaus (334);1;0;;;;;;;;;;;;;;
12.03.2023;Direktwahl zur Oberbürgermeisterin/zum Oberbürgermeister;06611000;335;Diakonissenhaus (335);1;0;;;;;;;;;;;;;;
12.03.2023;Direktwahl zur Oberbürgermeisterin/zum Oberbürgermeister;06611000;336;Diakonissenhaus (336);1;0;;;;;;;;;;;;;;
12.03.2023;Direktwahl zur Oberbürgermeisterin/zum Oberbürgermeister;06611000;411;Katharina-von-Bora-Haus (411);1;0;;;;;;;;;;;;;;
12.03.2023;Direktwahl zur Oberbürgermeisterin/zum Oberbürgermeister;06611000;412;Katharina-von-Bora-Haus (412);1;0;;;;;;;;;;;;;;
12.03.2023;Direktwahl zur Oberbürgermeisterin/zum Oberbürgermeister;06611000;413;Katharina-von-Bora-Haus (413);1;0;;;;;;;;;;;;;;
12.03.2023;Direktwahl zur Oberbürgermeisterin/zum Oberbürgermeister;06611000;421;Katharina-von-Bora-Haus (421);1;0;;;;;;;;;;;;;;
12.03.2023;Direktwahl zur Oberbürgermeisterin/zum Oberbürgermeister;06611000;422;Wilhelm-Lückert-Schule (422);1;0;;;;;;;;;;;;;;
12.03.2023;Direktwahl zur Oberbürgermeisterin/zum Oberbürgermeister;06611000;423;UNI Elektrotechnik (423);1;0;;;;;;;;;;;;;;
12.03.2023;Direktwahl zur Oberbürgermeisterin/zum Oberbürgermeister;06611000;424;August-Fricke-Schule (424);1;0;;;;;;;;;;;;;;
12.03.2023;Direktwahl zur Oberbürgermeisterin/zum Oberbürgermeister;06611000;425;Fröbel-Seminar (425);1;0;;;;;;;;;;;;;;
12.03.2023;Direktwahl zur Oberbürgermeisterin/zum Oberbürgermeister;06611000;431;Fröbel-Seminar (431);1;0;;;;;;;;;;;;;;
12.03.2023;Direktwahl zur Oberbürgermeisterin/zum Oberbürgermeister;06611000;432;August-Fricke-Schule (432);1;0;;;;;;;;;;;;;;
12.03.2023;Direktwahl zur Oberbürgermeisterin/zum Oberbürgermeister;06611000;433;August-Fricke-Schule (433);1;0;;;;;;;;;;;;;;
12.03.2023;Direktwahl zur Oberbürgermeisterin/zum Oberbürgermeister;06611000;511;Reformschule (511);1;0;;;;;;;;;;;;;;
12.03.2023;Direktwahl zur Oberbürgermeisterin/zum Oberbürgermeister;06611000;512;Freie Waldorfschule (512);1;0;;;;;;;;;;;;;;
12.03.2023;Direktwahl zur Oberbürgermeisterin/zum Oberbürgermeister;06611000;513;Schule am Heideweg (513);1;0;;;;;;;;;;;;;;
12.03.2023;Direktwahl zur Oberbürgermeisterin/zum Oberbürgermeister;06611000;521;Reformschule (521);1;0;;;;;;;;;;;;;;
12.03.2023;Direktwahl zur Oberbürgermeisterin/zum Oberbürgermeister;06611000;522;Wilhelmsgymnasium (522);1;0;;;;;;;;;;;;;;
12.03.2023;Direktwahl zur Oberbürgermeisterin/zum Oberbürgermeister;06611000;531;Wilhelmsgymnasium (531);1;0;;;;;;;;;;;;;;
12.03.2023;Direktwahl zur Oberbürgermeisterin/zum Oberbürgermeister;06611000;532;Wilhelmsgymnasium (532);1;0;;;;;;;;;;;;;;
12.03.2023;Direktwahl zur Oberbürgermeisterin/zum Oberbürgermeister;06611000;533;Wilhelmsgymnasium (533);1;0;;;;;;;;;;;;;;
12.03.2023;Direktwahl zur Oberbürgermeisterin/zum Oberbürgermeister;06611000;534;Wilhelmsgymnasium (534);1;0;;;;;;;;;;;;;;
12.03.2023;Direktwahl zur Oberbürgermeisterin/zum Oberbürgermeister;06611000;535;Schule am Heideweg (535);1;0;;;;;;;;;;;;;;
12.03.2023;Direktwahl zur Oberbürgermeisterin/zum Oberbürgermeister;06611000;536;Schule am Heideweg (536);1;0;;;;;;;;;;;;;;
12.03.2023;Direktwahl zur Oberbürgermeisterin/zum Oberbürgermeister;06611000;611;Schule am Heideweg (611);1;0;;;;;;;;;;;;;;
12.03.2023;Direktwahl zur Oberbürgermeisterin/zum Oberbürgermeister;06611000;621;Ev. Gemeindehaus Emmauskirche (621);1;0;;;;;;;;;;;;;;
12.03.2023;Direktwahl zur Oberbürgermeisterin/zum Oberbürgermeister;06611000;622;Ev. Gemeindehaus Emmauskirche (622);1;0;;;;;;;;;;;;;;
12.03.2023;Direktwahl zur Oberbürgermeisterin/zum Oberbürgermeister;06611000;711;Fridtjof-Nansen-Schule (711);1;0;;;;;;;;;;;;;;
12.03.2023;Direktwahl zur Oberbürgermeisterin/zum Oberbürgermeister;06611000;712;Fridtjof-Nansen-Schule (712);1;0;;;;;;;;;;;;;;
12.03.2023;Direktwahl zur Oberbürgermeisterin/zum Oberbürgermeister;06611000;713;Fridtjof-Nansen-Schule (713);1;0;;;;;;;;;;;;;;
12.03.2023;Direktwahl zur Oberbürgermeisterin/zum Oberbürgermeister;06611000;714;Fridtjof-Nansen-Schule (714);1;0;;;;;;;;;;;;;;
12.03.2023;Direktwahl zur Oberbürgermeisterin/zum Oberbürgermeister;06611000;715;Fridtjof-Nansen-Schule (715);1;0;;;;;;;;;;;;;;
12.03.2023;Direktwahl zur Oberbürgermeisterin/zum Oberbürgermeister;06611000;811;Grundschule Harleshausen (811);1;0;;;;;;;;;;;;;;
12.03.2023;Direktwahl zur Oberbürgermeisterin/zum Oberbürgermeister;06611000;812;SVH Clubhaus Harleshausen (812);1;0;;;;;;;;;;;;;;
12.03.2023;Direktwahl zur Oberbürgermeisterin/zum Oberbürgermeister;06611000;813;Grundschule Harleshausen (813);1;0;;;;;;;;;;;;;;
12.03.2023;Direktwahl zur Oberbürgermeisterin/zum Oberbürgermeister;06611000;814;Grundschule Harleshausen (814);1;0;;;;;;;;;;;;;;
12.03.2023;Direktwahl zur Oberbürgermeisterin/zum Oberbürgermeister;06611000;815;Ernst-Leinius-Schule (815);1;0;;;;;;;;;;;;;;
12.03.2023;Direktwahl zur Oberbürgermeisterin/zum Oberbürgermeister;06611000;821;Schule Jungfernkopf (821);1;0;;;;;;;;;;;;;;
12.03.2023;Direktwahl zur Oberbürgermeisterin/zum Oberbürgermeister;06611000;822;Ernst-Leinius-Schule (822);1;0;;;;;;;;;;;;;;
12.03.2023;Direktwahl zur Oberbürgermeisterin/zum Oberbürgermeister;06611000;823;Ev. Gemeindehaus Erlöserkirche (823);1;0;;;;;;;;;;;;;;
12.03.2023;Direktwahl zur Oberbürgermeisterin/zum Oberbürgermeister;06611000;824;Ev. Gemeindehaus Erlöserkirche (824);1;0;;;;;;;;;;;;;;
12.03.2023;Direktwahl zur Oberbürgermeisterin/zum Oberbürgermeister;06611000;825;Ev. Gemeindehaus Erlöserkirche (825);1;0;;;;;;;;;;;;;;
12.03.2023;Direktwahl zur Oberbürgermeisterin/zum Oberbürgermeister;06611000;831;Paul-Gerhardt-Kirche (831);1;0;;;;;;;;;;;;;;
12.03.2023;Direktwahl zur Oberbürgermeisterin/zum Oberbürgermeister;06611000;911;Ernst-Leinius-Schule (911);1;0;;;;;;;;;;;;;;
12.03.2023;Direktwahl zur Oberbürgermeisterin/zum Oberbürgermeister;06611000;912;Paul-Gerhardt-Kirche (912);1;0;;;;;;;;;;;;;;
12.03.2023;Direktwahl zur Oberbürgermeisterin/zum Oberbürgermeister;06611000;913;Nachbarschaftstreff Kirchditmold (913);1;0;;;;;;;;;;;;;;
12.03.2023;Direktwahl zur Oberbürgermeisterin/zum Oberbürgermeister;06611000;914;Clubhaus Spielverein 06 (914);1;0;;;;;;;;;;;;;;
12.03.2023;Direktwahl zur Oberbürgermeisterin/zum Oberbürgermeister;06611000;921;Grundschule Kirchditmold (921);1;0;;;;;;;;;;;;;;
12.03.2023;Direktwahl zur Oberbürgermeisterin/zum Oberbürgermeister;06611000;922;Friedrich-List-Schule (922);1;0;;;;;;;;;;;;;;
12.03.2023;Direktwahl zur Oberbürgermeisterin/zum Oberbürgermeister;06611000;923;Friedrich-List-Schule (923);1;0;;;;;;;;;;;;;;
12.03.2023;Direktwahl zur Oberbürgermeisterin/zum Oberbürgermeister;06611000;924;Grundschule Kirchditmold (924);1;0;;;;;;;;;;;;;;
12.03.2023;Direktwahl zur Oberbürgermeisterin/zum Oberbürgermeister;06611000;925;Grundschule Kirchditmold (925);1;0;;;;;;;;;;;;;;
12.03.2023;Direktwahl zur Oberbürgermeisterin/zum Oberbürgermeister;06611000;926;Grundschule Kirchditmold (926);1;0;;;;;;;;;;;;;;
12.03.2023;Direktwahl zur Oberbürgermeisterin/zum Oberbürgermeister;06611000;1011;Hessenkolleg Kassel (1011);1;0;;;;;;;;;;;;;;
12.03.2023;Direktwahl zur Oberbürgermeisterin/zum Oberbürgermeister;06611000;1012;Hessenkolleg Kassel (1012);1;0;;;;;;;;;;;;;;
12.03.2023;Direktwahl zur Oberbürgermeisterin/zum Oberbürgermeister;06611000;1013;Valentin-Traudt-Schule (1013);1;0;;;;;;;;;;;;;;
12.03.2023;Direktwahl zur Oberbürgermeisterin/zum Oberbürgermeister;06611000;1014;Valentin-Traudt-Schule (1014);1;0;;;;;;;;;;;;;;
12.03.2023;Direktwahl zur Oberbürgermeisterin/zum Oberbürgermeister;06611000;1111;Verwaltungsgebäude Bauhof (1111);1;0;;;;;;;;;;;;;;
12.03.2023;Direktwahl zur Oberbürgermeisterin/zum Oberbürgermeister;06611000;1112;Carl-Anton-Henschel-Schule (1112);1;0;;;;;;;;;;;;;;
12.03.2023;Direktwahl zur Oberbürgermeisterin/zum Oberbürgermeister;06611000;1113;Carl-Anton-Henschel-Schule (1113);1;0;;;;;;;;;;;;;;
12.03.2023;Direktwahl zur Oberbürgermeisterin/zum Oberbürgermeister;06611000;1114;Philipp-Scheidemann-Haus (1114);1;0;;;;;;;;;;;;;;
12.03.2023;Direktwahl zur Oberbürgermeisterin/zum Oberbürgermeister;06611000;1121;Stadtteiltreffpunkt Nord (1121);1;0;;;;;;;;;;;;;;
12.03.2023;Direktwahl zur Oberbürgermeisterin/zum Oberbürgermeister;06611000;1131;Philipp-Scheidemann-Haus (1131);1;0;;;;;;;;;;;;;;
12.03.2023;Direktwahl zur Oberbürgermeisterin/zum Oberbürgermeister;06611000;1132;Martin-Luther-King-Schule (1132);1;0;;;;;;;;;;;;;;
12.03.2023;Direktwahl zur Oberbürgermeisterin/zum Oberbürgermeister;06611000;1133;Martin-Luther-King-Schule (1133);1;0;;;;;;;;;;;;;;
12.03.2023;Direktwahl zur Oberbürgermeisterin/zum Oberbürgermeister;06611000;1211;Schule Am Warteberg (1211);1;0;;;;;;;;;;;;;;
12.03.2023;Direktwahl zur Oberbürgermeisterin/zum Oberbürgermeister;06611000;1212;Schule Am Warteberg (1212);1;0;;;;;;;;;;;;;;
12.03.2023;Direktwahl zur Oberbürgermeisterin/zum Oberbürgermeister;06611000;1213;Schule Am Warteberg (1213);1;0;;;;;;;;;;;;;;
12.03.2023;Direktwahl zur Oberbürgermeisterin/zum Oberbürgermeister;06611000;1311;Fasanenhofschule (1311);1;0;;;;;;;;;;;;;;
12.03.2023;Direktwahl zur Oberbürgermeisterin/zum Oberbürgermeister;06611000;1312;Schule Bossental (1312);1;0;;;;;;;;;;;;;;
12.03.2023;Direktwahl zur Oberbürgermeisterin/zum Oberbürgermeister;06611000;1313;Schule Bossental (1313);1;0;;;;;;;;;;;;;;
12.03.2023;Direktwahl zur Oberbürgermeisterin/zum Oberbürgermeister;06611000;1314;Mönchebergschule (1314);1;0;;;;;;;;;;;;;;
12.03.2023;Direktwahl zur Oberbürgermeisterin/zum Oberbürgermeister;06611000;1315;Mönchebergschule (1315);1;0;;;;;;;;;;;;;;
12.03.2023;Direktwahl zur Oberbürgermeisterin/zum Oberbürgermeister;06611000;1316;Ev. Kindertagesstätte Erlöserkirche Fasanenhof (1316);1;0;;;;;;;;;;;;;;
12.03.2023;Direktwahl zur Oberbürgermeisterin/zum Oberbürgermeister;06611000;1317;Fasanenhofschule (1317);1;0;;;;;;;;;;;;;;
12.03.2023;Direktwahl zur Oberbürgermeisterin/zum Oberbürgermeister;06611000;1318;Fasanenhofschule (1318);1;0;;;;;;;;;;;;;;
12.03.2023;Direktwahl zur Oberbürgermeisterin/zum Oberbürgermeister;06611000;1411;Stadtteilzentrum Wesertor (1411);1;0;;;;;;;;;;;;;;
12.03.2023;Direktwahl zur Oberbürgermeisterin/zum Oberbürgermeister;06611000;1412;Goethe-Gymnasium II (1412);1;0;;;;;;;;;;;;;;
12.03.2023;Direktwahl zur Oberbürgermeisterin/zum Oberbürgermeister;06611000;1413;Oskar-von-Miller-Schule (1413);1;0;;;;;;;;;;;;;;
12.03.2023;Direktwahl zur Oberbürgermeisterin/zum Oberbürgermeister;06611000;1414;Stadtteilzentrum Wesertor (1414);1;0;;;;;;;;;;;;;;
12.03.2023;Direktwahl zur Oberbürgermeisterin/zum Oberbürgermeister;06611000;1415;Stadtteilzentrum Wesertor (1415);1;0;;;;;;;;;;;;;;
12.03.2023;Direktwahl zur Oberbürgermeisterin/zum Oberbürgermeister;06611000;1511;KiTa Hasenhecke (1511);1;0;;;;;;;;;;;;;;
12.03.2023;Direktwahl zur Oberbürgermeisterin/zum Oberbürgermeister;06611000;1521;Grundschule Wolfsanger/H (1521);1;0;;;;;;;;;;;;;;
12.03.2023;Direktwahl zur Oberbürgermeisterin/zum Oberbürgermeister;06611000;1522;Grundschule Wolfsanger/H (1522);1;0;;;;;;;;;;;;;;
12.03.2023;Direktwahl zur Oberbürgermeisterin/zum Oberbürgermeister;06611000;1523;Grundschule Wolfsanger/H (1523);1;0;;;;;;;;;;;;;;
12.03.2023;Direktwahl zur Oberbürgermeisterin/zum Oberbürgermeister;06611000;1531;Schule Bossental (1531);1;0;;;;;;;;;;;;;;
12.03.2023;Direktwahl zur Oberbürgermeisterin/zum Oberbürgermeister;06611000;1532;Grundschule Wolfsanger/H (1532);1;0;;;;;;;;;;;;;;
12.03.2023;Direktwahl zur Oberbürgermeisterin/zum Oberbürgermeister;06611000;1611;Losseschule (1611);1;0;;;;;;;;;;;;;;
12.03.2023;Direktwahl zur Oberbürgermeisterin/zum Oberbürgermeister;06611000;1612;Stadtteilzentrum Agathof (1612);1;0;;;;;;;;;;;;;;
12.03.2023;Direktwahl zur Oberbürgermeisterin/zum Oberbürgermeister;06611000;1613;Stadtteilzentrum Agathof (1613);1;0;;;;;;;;;;;;;;
12.03.2023;Direktwahl zur Oberbürgermeisterin/zum Oberbürgermeister;06611000;1621;Grundschule Eichwäldchen (1621);1;0;;;;;;;;;;;;;;
12.03.2023;Direktwahl zur Oberbürgermeisterin/zum Oberbürgermeister;06611000;1622;Grundschule Eichwäldchen (1622);1;0;;;;;;;;;;;;;;
12.03.2023;Direktwahl zur Oberbürgermeisterin/zum Oberbürgermeister;06611000;1623;Grundschule Eichwäldchen (1623);1;0;;;;;;;;;;;;;;
12.03.2023;Direktwahl zur Oberbürgermeisterin/zum Oberbürgermeister;06611000;1711;Stadtteiltreffpunkt Forstfeld (1711);1;0;;;;;;;;;;;;;;
12.03.2023;Direktwahl zur Oberbürgermeisterin/zum Oberbürgermeister;06611000;1712;Schule am Lindenberg (1712);1;0;;;;;;;;;;;;;;
12.03.2023;Direktwahl zur Oberbürgermeisterin/zum Oberbürgermeister;06611000;1713;Schule am Lindenberg (1713);1;0;;;;;;;;;;;;;;
12.03.2023;Direktwahl zur Oberbürgermeisterin/zum Oberbürgermeister;06611000;1714;Schule am Lindenberg (1714);1;0;;;;;;;;;;;;;;
12.03.2023;Direktwahl zur Oberbürgermeisterin/zum Oberbürgermeister;06611000;1721;Kindertagesstätte Forstbachweg (1721);1;0;;;;;;;;;;;;;;
12.03.2023;Direktwahl zur Oberbürgermeisterin/zum Oberbürgermeister;06611000;1722;Johann-Hinrich-Wichern-Schule (1722);1;0;;;;;;;;;;;;;;
12.03.2023;Direktwahl zur Oberbürgermeisterin/zum Oberbürgermeister;06611000;1811;Ev. Gemeindehaus Waldau (1811);1;0;;;;;;;;;;;;;;
12.03.2023;Direktwahl zur Oberbürgermeisterin/zum Oberbürgermeister;06611000;1821;Kinderhaus Waldau (1821);1;0;;;;;;;;;;;;;;
12.03.2023;Direktwahl zur Oberbürgermeisterin/zum Oberbürgermeister;06611000;1822;Grundschule Waldau (1822);1;0;;;;;;;;;;;;;;
12.03.2023;Direktwahl zur Oberbürgermeisterin/zum Oberbürgermeister;06611000;1823;Grundschule Waldau (1823);1;0;;;;;;;;;;;;;;
12.03.2023;Direktwahl zur Oberbürgermeisterin/zum Oberbürgermeister;06611000;1824;Grundschule Waldau (1824);1;0;;;;;;;;;;;;;;
12.03.2023;Direktwahl zur Oberbürgermeisterin/zum Oberbürgermeister;06611000;1911;Johann-Amos-Comenius-Schule (1911);1;0;;;;;;;;;;;;;;
12.03.2023;Direktwahl zur Oberbürgermeisterin/zum Oberbürgermeister;06611000;1912;Johann-Amos-Comenius-Schule (1912);1;0;;;;;;;;;;;;;;
12.03.2023;Direktwahl zur Oberbürgermeisterin/zum Oberbürgermeister;06611000;1913;Johann-Amos-Comenius-Schule (1913);1;0;;;;;;;;;;;;;;
12.03.2023;Direktwahl zur Oberbürgermeisterin/zum Oberbürgermeister;06611000;1921;Elisabeth-Selbert-Haus (1921);1;0;;;;;;;;;;;;;;
12.03.2023;Direktwahl zur Oberbürgermeisterin/zum Oberbürgermeister;06611000;1922;Dorothea-Viehmann-Schule (1922);1;0;;;;;;;;;;;;;;
12.03.2023;Direktwahl zur Oberbürgermeisterin/zum Oberbürgermeister;06611000;1923;Ev. Gemeindezentrum Matthäuskirche (1923);1;0;;;;;;;;;;;;;;
12.03.2023;Direktwahl zur Oberbürgermeisterin/zum Oberbürgermeister;06611000;1924;Ev. Gemeindezentrum Matthäuskirche (1924);1;0;;;;;;;;;;;;;;
12.03.2023;Direktwahl zur Oberbürgermeisterin/zum Oberbürgermeister;06611000;1931;Gemeindezentrum St. Theresia (1931);1;0;;;;;;;;;;;;;;
12.03.2023;Direktwahl zur Oberbürgermeisterin/zum Oberbürgermeister;06611000;1932;Gemeindezentrum St. Theresia (1932);1;0;;;;;;;;;;;;;;
12.03.2023;Direktwahl zur Oberbürgermeisterin/zum Oberbürgermeister;06611000;2011;Schule Brückenhof/Nordshausen (2011);1;0;;;;;;;;;;;;;;
12.03.2023;Direktwahl zur Oberbürgermeisterin/zum Oberbürgermeister;06611000;2012;Ausbildungszentrum (2012);1;0;;;;;;;;;;;;;;
12.03.2023;Direktwahl zur Oberbürgermeisterin/zum Oberbürgermeister;06611000;2013;Schule Brückenhof/Nordshausen (2013);1;0;;;;;;;;;;;;;;
12.03.2023;Direktwahl zur Oberbürgermeisterin/zum Oberbürgermeister;06611000;2014;Mittelpunkt Brückenhof (2014);1;0;;;;;;;;;;;;;;
12.03.2023;Direktwahl zur Oberbürgermeisterin/zum Oberbürgermeister;06611000;2021;Schule Schenkelsberg (2021);1;0;;;;;;;;;;;;;;
12.03.2023;Direktwahl zur Oberbürgermeisterin/zum Oberbürgermeister;06611000;2031;KulturRaum Oberzwehren (2031);1;0;;;;;;;;;;;;;;
12.03.2023;Direktwahl zur Oberbürgermeisterin/zum Oberbürgermeister;06611000;2032;Schule Schenkelsberg (2032);1;0;;;;;;;;;;;;;;
12.03.2023;Direktwahl zur Oberbürgermeisterin/zum Oberbürgermeister;06611000;2041;Georg-August-Zinn-Schule (2041);1;0;;;;;;;;;;;;;;
12.03.2023;Direktwahl zur Oberbürgermeisterin/zum Oberbürgermeister;06611000;2042;Kita Mattenberg (2042);1;0;;;;;;;;;;;;;;
12.03.2023;Direktwahl zur Oberbürgermeisterin/zum Oberbürgermeister;06611000;2111;Bürgerhaus Nordshausen (2111);1;0;;;;;;;;;;;;;;
12.03.2023;Direktwahl zur Oberbürgermeisterin/zum Oberbürgermeister;06611000;2112;Bürgerhaus Nordshausen (2112);1;0;;;;;;;;;;;;;;
12.03.2023;Direktwahl zur Oberbürgermeisterin/zum Oberbürgermeister;06611000;2211;Schule Jungfernkopf (2211);1;0;;;;;;;;;;;;;;
12.03.2023;Direktwahl zur Oberbürgermeisterin/zum Oberbürgermeister;06611000;2212;Casa del Tango (2212);1;0;;;;;;;;;;;;;;
12.03.2023;Direktwahl zur Oberbürgermeisterin/zum Oberbürgermeister;06611000;2213;Schule Jungfernkopf (2213);1;0;;;;;;;;;;;;;;
12.03.2023;Direktwahl zur Oberbürgermeisterin/zum Oberbürgermeister;06611000;2311;Unterneustädter Schule (2311);1;0;;;;;;;;;;;;;;
12.03.2023;Direktwahl zur Oberbürgermeisterin/zum Oberbürgermeister;06611000;2312;Herderschule (2312);1;0;;;;;;;;;;;;;;
12.03.2023;Direktwahl zur Oberbürgermeisterin/zum Oberbürgermeister;06611000;90191;BW Mitte 1 (90191);1;0;;;;;;;;;;;;;;
12.03.2023;Direktwahl zur Oberbürgermeisterin/zum Oberbürgermeister;06611000;90192;BW Mitte 2 (90192);1;0;;;;;;;;;;;;;;
12.03.2023;Direktwahl zur Oberbürgermeisterin/zum Oberbürgermeister;06611000;90193;BW Mitte 3 (90193);1;0;;;;;;;;;;;;;;
12.03.2023;Direktwahl zur Oberbürgermeisterin/zum Oberbürgermeister;06611000;90194;BW Mitte 4 (90194);1;0;;;;;;;;;;;;;;
12.03.2023;Direktwahl zur Oberbürgermeisterin/zum Oberbürgermeister;06611000;90195;BW Mitte 5 (90195);1;0;;;;;;;;;;;;;;
12.03.2023;Direktwahl zur Oberbürgermeisterin/zum Oberbürgermeister;06611000;90291;BW Südstadt 1 (90291);1;0;;;;;;;;;;;;;;
12.03.2023;Direktwahl zur Oberbürgermeisterin/zum Oberbürgermeister;06611000;90292;BW Südstadt 2 (90292);1;0;;;;;;;;;;;;;;
12.03.2023;Direktwahl zur Oberbürgermeisterin/zum Oberbürgermeister;06611000;90293;BW Südstadt 3 (90293);1;0;;;;;;;;;;;;;;
12.03.2023;Direktwahl zur Oberbürgermeisterin/zum Oberbürgermeister;06611000;90294;BW Südstadt 4 (90294);1;0;;;;;;;;;;;;;;
12.03.2023;Direktwahl zur Oberbürgermeisterin/zum Oberbürgermeister;06611000;90391;BW Vorderer Westen 1 (90391);1;0;;;;;;;;;;;;;;
12.03.2023;Direktwahl zur Oberbürgermeisterin/zum Oberbürgermeister;06611000;90392;BW Vorderer Westen 2 (90392);1;0;;;;;;;;;;;;;;
12.03.2023;Direktwahl zur Oberbürgermeisterin/zum Oberbürgermeister;06611000;90393;BW Vorderer Westen 3 (90393);1;0;;;;;;;;;;;;;;
12.03.2023;Direktwahl zur Oberbürgermeisterin/zum Oberbürgermeister;06611000;90394;BW Vorderer Westen 4 (90394);1;0;;;;;;;;;;;;;;
12.03.2023;Direktwahl zur Oberbürgermeisterin/zum Oberbürgermeister;06611000;90395;BW Vorderer Westen 5 (90395);1;0;;;;;;;;;;;;;;
12.03.2023;Direktwahl zur Oberbürgermeisterin/zum Oberbürgermeister;06611000;90396;BW Vorderer Westen 6 (90396);1;0;;;;;;;;;;;;;;
12.03.2023;Direktwahl zur Oberbürgermeisterin/zum Oberbürgermeister;06611000;90397;BW Vorderer Westen 7 (90397);1;0;;;;;;;;;;;;;;
12.03.2023;Direktwahl zur Oberbürgermeisterin/zum Oberbürgermeister;06611000;90398;BW Vorderer Westen 8 (90398);1;0;;;;;;;;;;;;;;
12.03.2023;Direktwahl zur Oberbürgermeisterin/zum Oberbürgermeister;06611000;90491;BW Wehlheiden 1 (90491);1;0;;;;;;;;;;;;;;
12.03.2023;Direktwahl zur Oberbürgermeisterin/zum Oberbürgermeister;06611000;90492;BW Wehlheiden 2 (90492);1;0;;;;;;;;;;;;;;
12.03.2023;Direktwahl zur Oberbürgermeisterin/zum Oberbürgermeister;06611000;90493;BW Wehlheiden 3 (90493);1;0;;;;;;;;;;;;;;
12.03.2023;Direktwahl zur Oberbürgermeisterin/zum Oberbürgermeister;06611000;90494;BW Wehlheiden 4 (90494);1;0;;;;;;;;;;;;;;
12.03.2023;Direktwahl zur Oberbürgermeisterin/zum Oberbürgermeister;06611000;90495;BW Wehlheiden 5 (90495);1;0;;;;;;;;;;;;;;
12.03.2023;Direktwahl zur Oberbürgermeisterin/zum Oberbürgermeister;06611000;90496;BW Wehlheiden 6 (90496);1;0;;;;;;;;;;;;;;
12.03.2023;Direktwahl zur Oberbürgermeisterin/zum Oberbürgermeister;06611000;90497;BW Wehlheiden 7 (90497);1;0;;;;;;;;;;;;;;
12.03.2023;Direktwahl zur Oberbürgermeisterin/zum Oberbürgermeister;06611000;90591;BW Bad Wilhelmshöhe 1 (90591);1;0;;;;;;;;;;;;;;
12.03.2023;Direktwahl zur Oberbürgermeisterin/zum Oberbürgermeister;06611000;90592;BW Bad Wilhelmshöhe 2 (90592);1;0;;;;;;;;;;;;;;
12.03.2023;Direktwahl zur Oberbürgermeisterin/zum Oberbürgermeister;06611000;90593;BW Bad Wilhelmshöhe 3 (90593);1;0;;;;;;;;;;;;;;
12.03.2023;Direktwahl zur Oberbürgermeisterin/zum Oberbürgermeister;06611000;90594;BW Bad Wilhelmshöhe 4 (90594);1;0;;;;;;;;;;;;;;
12.03.2023;Direktwahl zur Oberbürgermeisterin/zum Oberbürgermeister;06611000;90595;BW Bad Wilhelmshöhe 5 (90595);1;0;;;;;;;;;;;;;;
12.03.2023;Direktwahl zur Oberbürgermeisterin/zum Oberbürgermeister;06611000;90596;BW Bad Wilhelmshöhe 6 (90596);1;0;;;;;;;;;;;;;;
12.03.2023;Direktwahl zur Oberbürgermeisterin/zum Oberbürgermeister;06611000;90597;BW Bad Wilhelmshöhe 7 (90597);1;0;;;;;;;;;;;;;;
12.03.2023;Direktwahl zur Oberbürgermeisterin/zum Oberbürgermeister;06611000;90691;BW Brasselsberg 1 (90691);1;0;;;;;;;;;;;;;;
12.03.2023;Direktwahl zur Oberbürgermeisterin/zum Oberbürgermeister;06611000;90692;BW Brasselsberg 2 (90692);1;0;;;;;;;;;;;;;;
12.03.2023;Direktwahl zur Oberbürgermeisterin/zum Oberbürgermeister;06611000;90791;BW Süsterf./Helleböhn 1 (90791);1;0;;;;;;;;;;;;;;
12.03.2023;Direktwahl zur Oberbürgermeisterin/zum Oberbürgermeister;06611000;90792;BW Süsterf./Helleböhn 2 (90792);1;0;;;;;;;;;;;;;;
12.03.2023;Direktwahl zur Oberbürgermeisterin/zum Oberbürgermeister;06611000;90793;BW Süsterf./Helleböhn 3 (90793);1;0;;;;;;;;;;;;;;
12.03.2023;Direktwahl zur Oberbürgermeisterin/zum Oberbürgermeister;06611000;90891;BW Harleshausen 1 (90891);1;0;;;;;;;;;;;;;;
12.03.2023;Direktwahl zur Oberbürgermeisterin/zum Oberbürgermeister;06611000;90892;BW Harleshausen 2 (90892);1;0;;;;;;;;;;;;;;
12.03.2023;Direktwahl zur Oberbürgermeisterin/zum Oberbürgermeister;06611000;90893;BW Harleshausen 3 (90893);1;0;;;;;;;;;;;;;;
12.03.2023;Direktwahl zur Oberbürgermeisterin/zum Oberbürgermeister;06611000;90894;BW Harleshausen 4 (90894);1;0;;;;;;;;;;;;;;
12.03.2023;Direktwahl zur Oberbürgermeisterin/zum Oberbürgermeister;06611000;90895;BW Harleshausen 5 (90895);1;0;;;;;;;;;;;;;;
12.03.2023;Direktwahl zur Oberbürgermeisterin/zum Oberbürgermeister;06611000;90896;BW Harleshausen 6 (90896);1;0;;;;;;;;;;;;;;
12.03.2023;Direktwahl zur Oberbürgermeisterin/zum Oberbürgermeister;06611000;90897;BW Harleshausen 7 (90897);1;0;;;;;;;;;;;;;;
12.03.2023;Direktwahl zur Oberbürgermeisterin/zum Oberbürgermeister;06611000;90991;BW Kirchditmold 1 (90991);1;0;;;;;;;;;;;;;;
12.03.2023;Direktwahl zur Oberbürgermeisterin/zum Oberbürgermeister;06611000;90992;BW Kirchditmold 2 (90992);1;0;;;;;;;;;;;;;;
12.03.2023;Direktwahl zur Oberbürgermeisterin/zum Oberbürgermeister;06611000;90993;BW Kirchditmold 3 (90993);1;0;;;;;;;;;;;;;;
12.03.2023;Direktwahl zur Oberbürgermeisterin/zum Oberbürgermeister;06611000;90994;BW Kirchditmold 4 (90994);1;0;;;;;;;;;;;;;;
12.03.2023;Direktwahl zur Oberbürgermeisterin/zum Oberbürgermeister;06611000;90995;BW Kirchditmold 5 (90995);1;0;;;;;;;;;;;;;;
12.03.2023;Direktwahl zur Oberbürgermeisterin/zum Oberbürgermeister;06611000;90996;BW Kirchditmold 6 (90996);1;0;;;;;;;;;;;;;;
12.03.2023;Direktwahl zur Oberbürgermeisterin/zum Oberbürgermeister;06611000;91091;BW Rothenditmold 1 (91091);1;0;;;;;;;;;;;;;;
12.03.2023;Direktwahl zur Oberbürgermeisterin/zum Oberbürgermeister;06611000;91092;BW Rothenditmold 2 (91092);1;0;;;;;;;;;;;;;;
12.03.2023;Direktwahl zur Oberbürgermeisterin/zum Oberbürgermeister;06611000;91191;BW Nord (Holland) 1 (91191);1;0;;;;;;;;;;;;;;
12.03.2023;Direktwahl zur Oberbürgermeisterin/zum Oberbürgermeister;06611000;91192;BW Nord (Holland) 2 (91192);1;0;;;;;;;;;;;;;;
12.03.2023;Direktwahl zur Oberbürgermeisterin/zum Oberbürgermeister;06611000;91193;BW Nord (Holland) 3 (91193);1;0;;;;;;;;;;;;;;
12.03.2023;Direktwahl zur Oberbürgermeisterin/zum Oberbürgermeister;06611000;91194;BW Nord (Holland) 4 (91194);1;0;;;;;;;;;;;;;;
12.03.2023;Direktwahl zur Oberbürgermeisterin/zum Oberbürgermeister;06611000;91195;BW Nord (Holland) 5 (91195);1;0;;;;;;;;;;;;;;
12.03.2023;Direktwahl zur Oberbürgermeisterin/zum Oberbürgermeister;06611000;91291;BW Philippinenhof 1 (91291);1;0;;;;;;;;;;;;;;
12.03.2023;Direktwahl zur Oberbürgermeisterin/zum Oberbürgermeister;06611000;91292;BW Philippinenhof 2 (91292);1;0;;;;;;;;;;;;;;
12.03.2023;Direktwahl zur Oberbürgermeisterin/zum Oberbürgermeister;06611000;91391;BW Fasanenhof 1 (91391);1;0;;;;;;;;;;;;;;
12.03.2023;Direktwahl zur Oberbürgermeisterin/zum Oberbürgermeister;06611000;91392;BW Fasanenhof 2 (91392);1;0;;;;;;;;;;;;;;
12.03.2023;Direktwahl zur Oberbürgermeisterin/zum Oberbürgermeister;06611000;91393;BW Fasanenhof 3 (91393);1;0;;;;;;;;;;;;;;
12.03.2023;Direktwahl zur Oberbürgermeisterin/zum Oberbürgermeister;06611000;91394;BW Fasanenhof 4 (91394);1;0;;;;;;;;;;;;;;
12.03.2023;Direktwahl zur Oberbürgermeisterin/zum Oberbürgermeister;06611000;91491;BW Wesertor 1 (91491);1;0;;;;;;;;;;;;;;
12.03.2023;Direktwahl zur Oberbürgermeisterin/zum Oberbürgermeister;06611000;91492;BW Wesertor 2 (91492);1;0;;;;;;;;;;;;;;
12.03.2023;Direktwahl zur Oberbürgermeisterin/zum Oberbürgermeister;06611000;91493;BW Wesertor 3 (91493);1;0;;;;;;;;;;;;;;
12.03.2023;Direktwahl zur Oberbürgermeisterin/zum Oberbürgermeister;06611000;91494;BW Wesertor 4 (91494);1;0;;;;;;;;;;;;;;
12.03.2023;Direktwahl zur Oberbürgermeisterin/zum Oberbürgermeister;06611000;91591;BW Wolfsanger/Hasenhecke 1 (91591);1;0;;;;;;;;;;;;;;
12.03.2023;Direktwahl zur Oberbürgermeisterin/zum Oberbürgermeister;06611000;91592;BW Wolfsanger/Hasenhecke 2 (91592);1;0;;;;;;;;;;;;;;
12.03.2023;Direktwahl zur Oberbürgermeisterin/zum Oberbürgermeister;06611000;91593;BW Wolfsanger/Hasenhecke 3 (91593);1;0;;;;;;;;;;;;;;
12.03.2023;Direktwahl zur Oberbürgermeisterin/zum Oberbürgermeister;06611000;91691;BW Bettenhausen 1 (91691);1;0;;;;;;;;;;;;;;
12.03.2023;Direktwahl zur Oberbürgermeisterin/zum Oberbürgermeister;06611000;91692;BW Bettenhausen 2 (91692);1;0;;;;;;;;;;;;;;
12.03.2023;Direktwahl zur Oberbürgermeisterin/zum Oberbürgermeister;06611000;91693;BW Bettenhausen 3 (91693);1;0;;;;;;;;;;;;;;
12.03.2023;Direktwahl zur Oberbürgermeisterin/zum Oberbürgermeister;06611000;91791;BW Forstfeld 1 (91791);1;0;;;;;;;;;;;;;;
12.03.2023;Direktwahl zur Oberbürgermeisterin/zum Oberbürgermeister;06611000;91792;BW Forstfeld 2 (91792);1;0;;;;;;;;;;;;;;
12.03.2023;Direktwahl zur Oberbürgermeisterin/zum Oberbürgermeister;06611000;91793;BW Forstfeld 3 (91793);1;0;;;;;;;;;;;;;;
12.03.2023;Direktwahl zur Oberbürgermeisterin/zum Oberbürgermeister;06611000;91891;BW Waldau 1 (91891);1;0;;;;;;;;;;;;;;
12.03.2023;Direktwahl zur Oberbürgermeisterin/zum Oberbürgermeister;06611000;91892;BW Waldau 2 (91892);1;0;;;;;;;;;;;;;;
12.03.2023;Direktwahl zur Oberbürgermeisterin/zum Oberbürgermeister;06611000;91991;BW Niederzwehren 1 (91991);1;0;;;;;;;;;;;;;;
12.03.2023;Direktwahl zur Oberbürgermeisterin/zum Oberbürgermeister;06611000;91992;BW Niederzwehren 2 (91992);1;0;;;;;;;;;;;;;;
12.03.2023;Direktwahl zur Oberbürgermeisterin/zum Oberbürgermeister;06611000;91993;BW Niederzwehren 3 (91993);1;0;;;;;;;;;;;;;;
12.03.2023;Direktwahl zur Oberbürgermeisterin/zum Oberbürgermeister;06611000;91994;BW Niederzwehren 4 (91994);1;0;;;;;;;;;;;;;;
12.03.2023;Direktwahl zur Oberbürgermeisterin/zum Oberbürgermeister;06611000;91995;BW Niederzwehren 5 (91995);1;0;;;;;;;;;;;;;;
12.03.2023;Direktwahl zur Oberbürgermeisterin/zum Oberbürgermeister;06611000;92091;BW Oberzwehren 1 (92091);1;0;;;;;;;;;;;;;;
12.03.2023;Direktwahl zur Oberbürgermeisterin/zum Oberbürgermeister;06611000;92092;BW Oberzwehren 2 (92092);1;0;;;;;;;;;;;;;;
12.03.2023;Direktwahl zur Oberbürgermeisterin/zum Oberbürgermeister;06611000;92093;BW Oberzwehren 3 (92093);1;0;;;;;;;;;;;;;;
12.03.2023;Direktwahl zur Oberbürgermeisterin/zum Oberbürgermeister;06611000;92094;BW Oberzwehren 4 (92094);1;0;;;;;;;;;;;;;;
12.03.2023;Direktwahl zur Oberbürgermeisterin/zum Oberbürgermeister;06611000;92191;BW Nordshausen 1 (92191);1;0;;;;;;;;;;;;;;
12.03.2023;Direktwahl zur Oberbürgermeisterin/zum Oberbürgermeister;06611000;92291;BW Jungfernkopf 1 (92291);1;0;;;;;;;;;;;;;;
12.03.2023;Direktwahl zur Oberbürgermeisterin/zum Oberbürgermeister;06611000;92292;BW Jungfernkopf 2 (92292);1;0;;;;;;;;;;;;;;
12.03.2023;Direktwahl zur Oberbürgermeisterin/zum Oberbürgermeister;06611000;92391;BW Unterneustadt 1 (92391);1;0;;;;;;;;;;;;;;
12.03.2023;Direktwahl zur Oberbürgermeisterin/zum Oberbürgermeister;06611000;92392;BW Unterneustadt 2 (92392);1;0;;;;;;;;;;;;;;
