datum;wahl;ags;gebiet-nr;gebiet-name;max-schnellmeldungen;anz-schnellmeldungen;A;A1;A2;A3;B;B1;C;D;D1;D2;D3;D4;D5;D6;D7;D8;D9;D10
09.03.2025;Oberbürgermeisterwahl;06414000;111;0111 Rathaus;1;0;;;;;;;;;;;;;;;;;;
09.03.2025;Oberbürgermeisterwahl;06414000;112;0112 Rathaus;1;0;;;;;;;;;;;;;;;;;;
09.03.2025;Oberbürgermeisterwahl;06414000;121;0121 Oranienschule;1;0;;;;;;;;;;;;;;;;;;
09.03.2025;Oberbürgermeisterwahl;06414000;122;0122 Oranienschule;1;0;;;;;;;;;;;;;;;;;;
09.03.2025;Oberbürgermeisterwahl;06414000;123;0123 Oranienschule;1;0;;;;;;;;;;;;;;;;;;
09.03.2025;Oberbürgermeisterwahl;06414000;131;0131 Friedrich-Ludwig-Jahn-Schule;1;0;;;;;;;;;;;;;;;;;;
09.03.2025;Oberbürgermeisterwahl;06414000;132;0132 Oranienschule;1;0;;;;;;;;;;;;;;;;;;
09.03.2025;Oberbürgermeisterwahl;06414000;133;0133 Oranienschule;1;0;;;;;;;;;;;;;;;;;;
09.03.2025;Oberbürgermeisterwahl;06414000;151;0151 Integrierte Gesamtschule;1;0;;;;;;;;;;;;;;;;;;
09.03.2025;Oberbürgermeisterwahl;06414000;152;0152 Anton-Gruner-Schule;1;0;;;;;;;;;;;;;;;;;;
09.03.2025;Oberbürgermeisterwahl;06414000;211;0211 Robert-Schumann-Schule;1;0;;;;;;;;;;;;;;;;;;
09.03.2025;Oberbürgermeisterwahl;06414000;212;0212 Robert-Schumann-Schule;1;0;;;;;;;;;;;;;;;;;;
09.03.2025;Oberbürgermeisterwahl;06414000;213;0213 Robert-Schumann-Schule;1;0;;;;;;;;;;;;;;;;;;
09.03.2025;Oberbürgermeisterwahl;06414000;221;0221 thalhaus;1;0;;;;;;;;;;;;;;;;;;
09.03.2025;Oberbürgermeisterwahl;06414000;222;0222 Ev. Verein f. Innere Mission;1;0;;;;;;;;;;;;;;;;;;
09.03.2025;Oberbürgermeisterwahl;06414000;231;0231 thalhaus;1;0;;;;;;;;;;;;;;;;;;
09.03.2025;Oberbürgermeisterwahl;06414000;232;0232 Johannes-Maaß-Schule;1;0;;;;;;;;;;;;;;;;;;
09.03.2025;Oberbürgermeisterwahl;06414000;241;0241 Ev. Kreuzkirchengemeinde;1;0;;;;;;;;;;;;;;;;;;
09.03.2025;Oberbürgermeisterwahl;06414000;242;0242 Comeniusschule;1;0;;;;;;;;;;;;;;;;;;
09.03.2025;Oberbürgermeisterwahl;06414000;243;0243 Riederbergschule;1;0;;;;;;;;;;;;;;;;;;
09.03.2025;Oberbürgermeisterwahl;06414000;244;0244 Riederbergschule;1;0;;;;;;;;;;;;;;;;;;
09.03.2025;Oberbürgermeisterwahl;06414000;251;0251 Albrecht-Dürer-Schule;1;0;;;;;;;;;;;;;;;;;;
09.03.2025;Oberbürgermeisterwahl;06414000;271;0271 Martin-Niemöller-Schule;1;0;;;;;;;;;;;;;;;;;;
09.03.2025;Oberbürgermeisterwahl;06414000;281;0281 Obermayr Europa-Schule;1;0;;;;;;;;;;;;;;;;;;
09.03.2025;Oberbürgermeisterwahl;06414000;311;0311 Helene-Lange-Schule;1;0;;;;;;;;;;;;;;;;;;
09.03.2025;Oberbürgermeisterwahl;06414000;321;0321 Obermayr Europa-Schule;1;0;;;;;;;;;;;;;;;;;;
09.03.2025;Oberbürgermeisterwahl;06414000;322;0322 Helene-Lange-Schule;1;0;;;;;;;;;;;;;;;;;;
09.03.2025;Oberbürgermeisterwahl;06414000;331;0331 Helene-Lange-Schule;1;0;;;;;;;;;;;;;;;;;;
09.03.2025;Oberbürgermeisterwahl;06414000;421;0421 Schulze-Delitzsch-Schule;1;0;;;;;;;;;;;;;;;;;;
09.03.2025;Oberbürgermeisterwahl;06414000;451;0451 Friedrich-Ebert-Schule;1;0;;;;;;;;;;;;;;;;;;
09.03.2025;Oberbürgermeisterwahl;06414000;452;0452 Adalbert-Stifter-Schule;1;0;;;;;;;;;;;;;;;;;;
09.03.2025;Oberbürgermeisterwahl;06414000;453;0453 Adalbert-Stifter-Schule;1;0;;;;;;;;;;;;;;;;;;
09.03.2025;Oberbürgermeisterwahl;06414000;461;0461 Adalbert-Stifter-Schule;1;0;;;;;;;;;;;;;;;;;;
09.03.2025;Oberbürgermeisterwahl;06414000;511;0511 Mittelstufenschule;1;0;;;;;;;;;;;;;;;;;;
09.03.2025;Oberbürgermeisterwahl;06414000;512;0512 Gutenbergschule;1;0;;;;;;;;;;;;;;;;;;
09.03.2025;Oberbürgermeisterwahl;06414000;513;0513 Mittelstufenschule;1;0;;;;;;;;;;;;;;;;;;
09.03.2025;Oberbürgermeisterwahl;06414000;521;0521 Gutenbergschule;1;0;;;;;;;;;;;;;;;;;;
09.03.2025;Oberbürgermeisterwahl;06414000;522;0522 Gymnasium am Mosbacher Berg;1;0;;;;;;;;;;;;;;;;;;
09.03.2025;Oberbürgermeisterwahl;06414000;611;0611 Gerh.-Hauptmann-Schule;1;0;;;;;;;;;;;;;;;;;;
09.03.2025;Oberbürgermeisterwahl;06414000;621;0621 Friedrich-Ludwig-Jahn-Schule;1;0;;;;;;;;;;;;;;;;;;
09.03.2025;Oberbürgermeisterwahl;06414000;622;0622 Hilde-Müller-Haus;1;0;;;;;;;;;;;;;;;;;;
09.03.2025;Oberbürgermeisterwahl;06414000;623;0623 IGS Rheingauviertel;1;0;;;;;;;;;;;;;;;;;;
09.03.2025;Oberbürgermeisterwahl;06414000;624;0624 Gerh.-Hauptmann-Schule;1;0;;;;;;;;;;;;;;;;;;
09.03.2025;Oberbürgermeisterwahl;06414000;631;0631 IGS Rheingauviertel;1;0;;;;;;;;;;;;;;;;;;
09.03.2025;Oberbürgermeisterwahl;06414000;641;0641 IGS Rheingauviertel;1;0;;;;;;;;;;;;;;;;;;
09.03.2025;Oberbürgermeisterwahl;06414000;642;0642 IGS Rheingauviertel;1;0;;;;;;;;;;;;;;;;;;
09.03.2025;Oberbürgermeisterwahl;06414000;651;0651 Kinderhaus Kleinfeldchen;1;0;;;;;;;;;;;;;;;;;;
09.03.2025;Oberbürgermeisterwahl;06414000;671;0671 Albrecht-Dürer-Schule;1;0;;;;;;;;;;;;;;;;;;
09.03.2025;Oberbürgermeisterwahl;06414000;711;0711 Sophie-u.-Hans-Scholl-Schule;1;0;;;;;;;;;;;;;;;;;;
09.03.2025;Oberbürgermeisterwahl;06414000;721;0721 Sophie-u.-Hans-Scholl-Schule;1;0;;;;;;;;;;;;;;;;;;
09.03.2025;Oberbürgermeisterwahl;06414000;722;0722 Sophie-u.-Hans-Scholl-Schule;1;0;;;;;;;;;;;;;;;;;;
09.03.2025;Oberbürgermeisterwahl;06414000;723;0723 Sophie-u.-Hans-Scholl-Schule;1;0;;;;;;;;;;;;;;;;;;
09.03.2025;Oberbürgermeisterwahl;06414000;811;0811 Elly-Heuss-Schule;1;0;;;;;;;;;;;;;;;;;;
09.03.2025;Oberbürgermeisterwahl;06414000;812;0812 Elly-Heuss-Schule;1;0;;;;;;;;;;;;;;;;;;
09.03.2025;Oberbürgermeisterwahl;06414000;821;0821 Blücherschule;1;0;;;;;;;;;;;;;;;;;;
09.03.2025;Oberbürgermeisterwahl;06414000;822;0822 Blücherschule;1;0;;;;;;;;;;;;;;;;;;
09.03.2025;Oberbürgermeisterwahl;06414000;823;0823 Blücherschule;1;0;;;;;;;;;;;;;;;;;;
09.03.2025;Oberbürgermeisterwahl;06414000;824;0824 Blücherschule;1;0;;;;;;;;;;;;;;;;;;
09.03.2025;Oberbürgermeisterwahl;06414000;825;0825 Blücherschule;1;0;;;;;;;;;;;;;;;;;;
09.03.2025;Oberbürgermeisterwahl;06414000;1111;1111 Bürgerhaus Sonnenberg;1;0;;;;;;;;;;;;;;;;;;
09.03.2025;Oberbürgermeisterwahl;06414000;1121;1121 SchulKinderhaus;1;0;;;;;;;;;;;;;;;;;;
09.03.2025;Oberbürgermeisterwahl;06414000;1131;1131 Bürgerhaus Sonnenberg;1;0;;;;;;;;;;;;;;;;;;
09.03.2025;Oberbürgermeisterwahl;06414000;1132;1132 Evangelische Versöhnungsgemeinde;1;0;;;;;;;;;;;;;;;;;;
09.03.2025;Oberbürgermeisterwahl;06414000;1141;1141 Ev. Kirchengemeinde Wartburg;1;0;;;;;;;;;;;;;;;;;;
09.03.2025;Oberbürgermeisterwahl;06414000;1171;1171 Ev. Thomasgemeinde;1;0;;;;;;;;;;;;;;;;;;
09.03.2025;Oberbürgermeisterwahl;06414000;1211;1211 Theodor-Fliedner-Schule;1;0;;;;;;;;;;;;;;;;;;
09.03.2025;Oberbürgermeisterwahl;06414000;1212;1212 Gemeindehaus ev. Kirchengemeinde;1;0;;;;;;;;;;;;;;;;;;
09.03.2025;Oberbürgermeisterwahl;06414000;1213;1213 Gemeindehaus ev. Kirchengemeinde;1;0;;;;;;;;;;;;;;;;;;
09.03.2025;Oberbürgermeisterwahl;06414000;1221;1221 Altenhilfezentrum Konrad Arndt;1;0;;;;;;;;;;;;;;;;;;
09.03.2025;Oberbürgermeisterwahl;06414000;1222;1222 Altenwohnanlage Konrad Arndt;1;0;;;;;;;;;;;;;;;;;;
09.03.2025;Oberbürgermeisterwahl;06414000;1223;1223 Altenhilfezentrum Konrad Arndt;1;0;;;;;;;;;;;;;;;;;;
09.03.2025;Oberbürgermeisterwahl;06414000;1241;1241 Altenwohnanlage Konrad Arndt;1;0;;;;;;;;;;;;;;;;;;
09.03.2025;Oberbürgermeisterwahl;06414000;1261;1261 Theodor-Fliedner-Schule;1;0;;;;;;;;;;;;;;;;;;
09.03.2025;Oberbürgermeisterwahl;06414000;1271;1271 Evangelische Versöhnungsgemeinde;1;0;;;;;;;;;;;;;;;;;;
09.03.2025;Oberbürgermeisterwahl;06414000;1311;1311 Justus-v.-Liebig-Schule (Neubau);1;0;;;;;;;;;;;;;;;;;;
09.03.2025;Oberbürgermeisterwahl;06414000;1312;1312 Hermann-Ehlers-Schule;1;0;;;;;;;;;;;;;;;;;;
09.03.2025;Oberbürgermeisterwahl;06414000;1313;1313 Justus-v.-Liebig-Schule (Neubau);1;0;;;;;;;;;;;;;;;;;;
09.03.2025;Oberbürgermeisterwahl;06414000;1321;1321 Hermann-Ehlers-Schule;1;0;;;;;;;;;;;;;;;;;;
09.03.2025;Oberbürgermeisterwahl;06414000;1322;1322 Justus-v.-Liebig-Schule (Neubau);1;0;;;;;;;;;;;;;;;;;;
09.03.2025;Oberbürgermeisterwahl;06414000;1411;1411 Fluxusschule Biebrich;1;0;;;;;;;;;;;;;;;;;;
09.03.2025;Oberbürgermeisterwahl;06414000;1412;1412 Wilh.-Heinrich-v.-Riehl-Schule;1;0;;;;;;;;;;;;;;;;;;
09.03.2025;Oberbürgermeisterwahl;06414000;1413;1413 Rathaus Biebrich;1;0;;;;;;;;;;;;;;;;;;
09.03.2025;Oberbürgermeisterwahl;06414000;1414;1414 Goetheschule;1;0;;;;;;;;;;;;;;;;;;
09.03.2025;Oberbürgermeisterwahl;06414000;1415;1415 Wilh.-Heinrich-v.-Riehl-Schule;1;0;;;;;;;;;;;;;;;;;;
09.03.2025;Oberbürgermeisterwahl;06414000;1421;1421 Pestalozzischule;1;0;;;;;;;;;;;;;;;;;;
09.03.2025;Oberbürgermeisterwahl;06414000;1431;1431 Wilh.-Heinrich-v.-Riehl-Schule;1;0;;;;;;;;;;;;;;;;;;
09.03.2025;Oberbürgermeisterwahl;06414000;1471;1471 Altenwohnanlage Parkfeld II;1;0;;;;;;;;;;;;;;;;;;
09.03.2025;Oberbürgermeisterwahl;06414000;1472;1472 Otto-Stückrath-Schule;1;0;;;;;;;;;;;;;;;;;;
09.03.2025;Oberbürgermeisterwahl;06414000;1473;1473 Otto-Stückrath-Schule;1;0;;;;;;;;;;;;;;;;;;
09.03.2025;Oberbürgermeisterwahl;06414000;1511;1511 Fr.-v.-Bodelschwingh-Schule;1;0;;;;;;;;;;;;;;;;;;
09.03.2025;Oberbürgermeisterwahl;06414000;1512;1512 Fr.-v.-Bodelschwingh-Schule;1;0;;;;;;;;;;;;;;;;;;
09.03.2025;Oberbürgermeisterwahl;06414000;1513;1513 Ludwig-Beck-Schule;1;0;;;;;;;;;;;;;;;;;;
09.03.2025;Oberbürgermeisterwahl;06414000;1531;1531 Diesterwegschule;1;0;;;;;;;;;;;;;;;;;;
09.03.2025;Oberbürgermeisterwahl;06414000;1541;1541 Diesterwegschule;1;0;;;;;;;;;;;;;;;;;;
09.03.2025;Oberbürgermeisterwahl;06414000;1542;1542 Diesterwegschule;1;0;;;;;;;;;;;;;;;;;;
09.03.2025;Oberbürgermeisterwahl;06414000;1543;1543 Diesterwegschule;1;0;;;;;;;;;;;;;;;;;;
09.03.2025;Oberbürgermeisterwahl;06414000;1551;1551 Gymnasium am Mosbacher Berg;1;0;;;;;;;;;;;;;;;;;;
09.03.2025;Oberbürgermeisterwahl;06414000;1552;1552 Ev. Heilig-Geist-Kirchengemeinde;1;0;;;;;;;;;;;;;;;;;;
09.03.2025;Oberbürgermeisterwahl;06414000;1581;1581 Grundschule Sauerland;1;0;;;;;;;;;;;;;;;;;;
09.03.2025;Oberbürgermeisterwahl;06414000;1611;1611 Helen-Keller-Schule;1;0;;;;;;;;;;;;;;;;;;
09.03.2025;Oberbürgermeisterwahl;06414000;1612;1612 Philipp-Reis-Schule;1;0;;;;;;;;;;;;;;;;;;
09.03.2025;Oberbürgermeisterwahl;06414000;1613;1613 Philipp-Reis-Schule;1;0;;;;;;;;;;;;;;;;;;
09.03.2025;Oberbürgermeisterwahl;06414000;1621;1621 Kohlheckschule;1;0;;;;;;;;;;;;;;;;;;
09.03.2025;Oberbürgermeisterwahl;06414000;1622;1622 Kohlheckschule;1;0;;;;;;;;;;;;;;;;;;
09.03.2025;Oberbürgermeisterwahl;06414000;1623;1623 Kohlheckschule;1;0;;;;;;;;;;;;;;;;;;
09.03.2025;Oberbürgermeisterwahl;06414000;1624;1624 Freie Christliche Schule;1;0;;;;;;;;;;;;;;;;;;
09.03.2025;Oberbürgermeisterwahl;06414000;1641;1641 Grundschule Sauerland;1;0;;;;;;;;;;;;;;;;;;
09.03.2025;Oberbürgermeisterwahl;06414000;1642;1642 Grundschule Sauerland;1;0;;;;;;;;;;;;;;;;;;
09.03.2025;Oberbürgermeisterwahl;06414000;1651;1651 Kinderhaus Freudenberg;1;0;;;;;;;;;;;;;;;;;;
09.03.2025;Oberbürgermeisterwahl;06414000;1661;1661 Stadtteilz. Schelmengraben;1;0;;;;;;;;;;;;;;;;;;
09.03.2025;Oberbürgermeisterwahl;06414000;1662;1662 Stadtteilz. Schelmengraben;1;0;;;;;;;;;;;;;;;;;;
09.03.2025;Oberbürgermeisterwahl;06414000;1681;1681 Helen-Keller-Schule;1;0;;;;;;;;;;;;;;;;;;
09.03.2025;Oberbürgermeisterwahl;06414000;1691;1691 Joseph-von-Eichendorff-Schule;1;0;;;;;;;;;;;;;;;;;;
09.03.2025;Oberbürgermeisterwahl;06414000;2111;2111 Evangelisches Gemeindezentrum;1;0;;;;;;;;;;;;;;;;;;
09.03.2025;Oberbürgermeisterwahl;06414000;2112;2112 Adolf-Reichwein-Schule;1;0;;;;;;;;;;;;;;;;;;
09.03.2025;Oberbürgermeisterwahl;06414000;2211;2211 Ev. Bodelschwinghgemeinde;1;0;;;;;;;;;;;;;;;;;;
09.03.2025;Oberbürgermeisterwahl;06414000;2311;2311 Ernst-Göbel-Schule;1;0;;;;;;;;;;;;;;;;;;
09.03.2025;Oberbürgermeisterwahl;06414000;2312;2312 Ernst-Göbel-Schule;1;0;;;;;;;;;;;;;;;;;;
09.03.2025;Oberbürgermeisterwahl;06414000;2411;2411 Peter-Rosegger-Schule;1;0;;;;;;;;;;;;;;;;;;
09.03.2025;Oberbürgermeisterwahl;06414000;2412;2412 Peter-Rosegger-Schule;1;0;;;;;;;;;;;;;;;;;;
09.03.2025;Oberbürgermeisterwahl;06414000;2511;2511 Grundschule Nordenstadt;1;0;;;;;;;;;;;;;;;;;;
09.03.2025;Oberbürgermeisterwahl;06414000;2512;2512 Grundschule Nordenstadt;1;0;;;;;;;;;;;;;;;;;;
09.03.2025;Oberbürgermeisterwahl;06414000;2513;2513 Grundschule Nordenstadt;1;0;;;;;;;;;;;;;;;;;;
09.03.2025;Oberbürgermeisterwahl;06414000;2521;2521 Grundschule Nordenstadt;1;0;;;;;;;;;;;;;;;;;;
09.03.2025;Oberbürgermeisterwahl;06414000;2522;2522 Grundschule Nordenstadt;1;0;;;;;;;;;;;;;;;;;;
09.03.2025;Oberbürgermeisterwahl;06414000;2523;2523 Grundschule Nordenstadt;1;0;;;;;;;;;;;;;;;;;;
09.03.2025;Oberbürgermeisterwahl;06414000;2611;2611 Bürgerhaus Delkenheim;1;0;;;;;;;;;;;;;;;;;;
09.03.2025;Oberbürgermeisterwahl;06414000;2612;2612 Bürgerhaus Delkenheim;1;0;;;;;;;;;;;;;;;;;;
09.03.2025;Oberbürgermeisterwahl;06414000;2613;2613 Karl-Gärtner-Schule;1;0;;;;;;;;;;;;;;;;;;
09.03.2025;Oberbürgermeisterwahl;06414000;2711;2711 Erich-Kästner-Schule;1;0;;;;;;;;;;;;;;;;;;
09.03.2025;Oberbürgermeisterwahl;06414000;2712;2712 Erich-Kästner-Schule;1;0;;;;;;;;;;;;;;;;;;
09.03.2025;Oberbürgermeisterwahl;06414000;2713;2713 Erich-Kästner-Schule;1;0;;;;;;;;;;;;;;;;;;
09.03.2025;Oberbürgermeisterwahl;06414000;2721;2721 Erich-Kästner-Schule;1;0;;;;;;;;;;;;;;;;;;
09.03.2025;Oberbürgermeisterwahl;06414000;2731;2731 Joseph-von-Eichendorff-Schule;1;0;;;;;;;;;;;;;;;;;;
09.03.2025;Oberbürgermeisterwahl;06414000;2732;2732 Joseph-von-Eichendorff-Schule;1;0;;;;;;;;;;;;;;;;;;
09.03.2025;Oberbürgermeisterwahl;06414000;2811;2811 Alfred-Delp-Schule;1;0;;;;;;;;;;;;;;;;;;
09.03.2025;Oberbürgermeisterwahl;06414000;2812;2812 Alfred-Delp-Schule;1;0;;;;;;;;;;;;;;;;;;
09.03.2025;Oberbürgermeisterwahl;06414000;3111;3111 Forum;1;0;;;;;;;;;;;;;;;;;;
09.03.2025;Oberbürgermeisterwahl;06414000;3112;3112 Kellerskopfhalle Naurod;1;0;;;;;;;;;;;;;;;;;;
09.03.2025;Oberbürgermeisterwahl;06414000;3113;3113 Forum;1;0;;;;;;;;;;;;;;;;;;
09.03.2025;Oberbürgermeisterwahl;06414000;3211;3211 Ehemalige Katholische Kirche;1;0;;;;;;;;;;;;;;;;;;
09.03.2025;Oberbürgermeisterwahl;06414000;3212;3212 Ortsverwaltung Auringen;1;0;;;;;;;;;;;;;;;;;;
09.03.2025;Oberbürgermeisterwahl;06414000;3213;3213 Mehrzweckhalle;1;0;;;;;;;;;;;;;;;;;;
09.03.2025;Oberbürgermeisterwahl;06414000;3311;3311 Bürgerhaus Medenbach;1;0;;;;;;;;;;;;;;;;;;
09.03.2025;Oberbürgermeisterwahl;06414000;3312;3312 Bürgerhaus Medenbach;1;0;;;;;;;;;;;;;;;;;;
09.03.2025;Oberbürgermeisterwahl;06414000;3411;3411 Evangelisches Gemeindehaus;1;0;;;;;;;;;;;;;;;;;;
09.03.2025;Oberbürgermeisterwahl;06414000;3412;3412 Neue Grundschule Breckenheim;1;0;;;;;;;;;;;;;;;;;;
09.03.2025;Oberbürgermeisterwahl;06414000;3413;3413 Neue Grundschule Breckenheim;1;0;;;;;;;;;;;;;;;;;;
09.03.2025;Oberbürgermeisterwahl;06414000;5111;5111 Johann-Hinrich-Wichern-Schule;1;0;;;;;;;;;;;;;;;;;;
09.03.2025;Oberbürgermeisterwahl;06414000;5211;5211 Bürgerhaus Mz-Kastel;1;0;;;;;;;;;;;;;;;;;;
09.03.2025;Oberbürgermeisterwahl;06414000;5212;5212 Bürgerhaus Mz-Kastel;1;0;;;;;;;;;;;;;;;;;;
09.03.2025;Oberbürgermeisterwahl;06414000;5221;5221 Kindertagesstätte AWO;1;0;;;;;;;;;;;;;;;;;;
09.03.2025;Oberbürgermeisterwahl;06414000;5222;5222 Kindertagesstätte AWO;1;0;;;;;;;;;;;;;;;;;;
09.03.2025;Oberbürgermeisterwahl;06414000;5261;5261 Kindertagesstätte Kastel;1;0;;;;;;;;;;;;;;;;;;
09.03.2025;Oberbürgermeisterwahl;06414000;5262;5262 Krautgartenschule -Im Sampel;1;0;;;;;;;;;;;;;;;;;;
09.03.2025;Oberbürgermeisterwahl;06414000;5311;5311 Bürgerhaus Mz-Kostheim;1;0;;;;;;;;;;;;;;;;;;
09.03.2025;Oberbürgermeisterwahl;06414000;5312;5312 Bürgerhaus Mz-Kostheim;1;0;;;;;;;;;;;;;;;;;;
09.03.2025;Oberbürgermeisterwahl;06414000;5321;5321 Brüder-Grimm-Schule;1;0;;;;;;;;;;;;;;;;;;
09.03.2025;Oberbürgermeisterwahl;06414000;5322;5322 Brüder-Grimm-Schule;1;0;;;;;;;;;;;;;;;;;;
09.03.2025;Oberbürgermeisterwahl;06414000;5323;5323 Brüder-Grimm-Schule;1;0;;;;;;;;;;;;;;;;;;
09.03.2025;Oberbürgermeisterwahl;06414000;5324;5324 Bürgerhaus Mz-Kostheim;1;0;;;;;;;;;;;;;;;;;;
09.03.2025;Oberbürgermeisterwahl;06414000;5331;5331 Ortsverwaltung Kastel/Kostheim;1;0;;;;;;;;;;;;;;;;;;
09.03.2025;Oberbürgermeisterwahl;06414000;5332;5332 Krautgartenschule -Im Sampel;1;0;;;;;;;;;;;;;;;;;;
09.03.2025;Oberbürgermeisterwahl;06414000;99011;B99011 Briefwahlbezirk;1;0;;;;;;;;;;;;;;;;;;
09.03.2025;Oberbürgermeisterwahl;06414000;99012;B99012 Briefwahlbezirk;1;0;;;;;;;;;;;;;;;;;;
09.03.2025;Oberbürgermeisterwahl;06414000;99013;B99013 Briefwahlbezirk;1;0;;;;;;;;;;;;;;;;;;
09.03.2025;Oberbürgermeisterwahl;06414000;99014;B99014 Briefwahlbezirk;1;0;;;;;;;;;;;;;;;;;;
09.03.2025;Oberbürgermeisterwahl;06414000;99015;B99015 Briefwahlbezirk;1;0;;;;;;;;;;;;;;;;;;
09.03.2025;Oberbürgermeisterwahl;06414000;99021;B99021 Briefwahlbezirk;1;0;;;;;;;;;;;;;;;;;;
09.03.2025;Oberbürgermeisterwahl;06414000;99022;B99022 Briefwahlbezirk;1;0;;;;;;;;;;;;;;;;;;
09.03.2025;Oberbürgermeisterwahl;06414000;99023;B99023 Briefwahlbezirk;1;0;;;;;;;;;;;;;;;;;;
09.03.2025;Oberbürgermeisterwahl;06414000;99024;B99024 Briefwahlbezirk;1;0;;;;;;;;;;;;;;;;;;
09.03.2025;Oberbürgermeisterwahl;06414000;99025;B99025 Briefwahlbezirk;1;0;;;;;;;;;;;;;;;;;;
09.03.2025;Oberbürgermeisterwahl;06414000;99026;B99026 Briefwahlbezirk;1;0;;;;;;;;;;;;;;;;;;
09.03.2025;Oberbürgermeisterwahl;06414000;99027;B99027 Briefwahlbezirk;1;0;;;;;;;;;;;;;;;;;;
09.03.2025;Oberbürgermeisterwahl;06414000;99031;B99031 Briefwahlbezirk;1;0;;;;;;;;;;;;;;;;;;
09.03.2025;Oberbürgermeisterwahl;06414000;99032;B99032 Briefwahlbezirk;1;0;;;;;;;;;;;;;;;;;;
09.03.2025;Oberbürgermeisterwahl;06414000;99033;B99033 Briefwahlbezirk;1;0;;;;;;;;;;;;;;;;;;
09.03.2025;Oberbürgermeisterwahl;06414000;99034;B99034 Briefwahlbezirk;1;0;;;;;;;;;;;;;;;;;;
09.03.2025;Oberbürgermeisterwahl;06414000;99035;B99035 Briefwahlbezirk;1;0;;;;;;;;;;;;;;;;;;
09.03.2025;Oberbürgermeisterwahl;06414000;99036;B99036 Briefwahlbezirk;1;0;;;;;;;;;;;;;;;;;;
09.03.2025;Oberbürgermeisterwahl;06414000;99037;B99037 Briefwahlbezirk;1;0;;;;;;;;;;;;;;;;;;
09.03.2025;Oberbürgermeisterwahl;06414000;99061;B99061 Briefwahlbezirk;1;0;;;;;;;;;;;;;;;;;;
09.03.2025;Oberbürgermeisterwahl;06414000;99062;B99062 Briefwahlbezirk;1;0;;;;;;;;;;;;;;;;;;
09.03.2025;Oberbürgermeisterwahl;06414000;99063;B99063 Briefwahlbezirk;1;0;;;;;;;;;;;;;;;;;;
09.03.2025;Oberbürgermeisterwahl;06414000;99064;B99064 Briefwahlbezirk;1;0;;;;;;;;;;;;;;;;;;
09.03.2025;Oberbürgermeisterwahl;06414000;99065;B99065 Briefwahlbezirk;1;0;;;;;;;;;;;;;;;;;;
09.03.2025;Oberbürgermeisterwahl;06414000;99071;B99071 Briefwahlbezirk;1;0;;;;;;;;;;;;;;;;;;
09.03.2025;Oberbürgermeisterwahl;06414000;99072;B99072 Briefwahlbezirk;1;0;;;;;;;;;;;;;;;;;;
09.03.2025;Oberbürgermeisterwahl;06414000;99081;B99081 Briefwahlbezirk;1;0;;;;;;;;;;;;;;;;;;
09.03.2025;Oberbürgermeisterwahl;06414000;99082;B99082 Briefwahlbezirk;1;0;;;;;;;;;;;;;;;;;;
09.03.2025;Oberbürgermeisterwahl;06414000;99083;B99083 Briefwahlbezirk;1;0;;;;;;;;;;;;;;;;;;
09.03.2025;Oberbürgermeisterwahl;06414000;99084;B99084 Briefwahlbezirk;1;0;;;;;;;;;;;;;;;;;;
09.03.2025;Oberbürgermeisterwahl;06414000;99111;B99111 Briefwahlbezirk;1;0;;;;;;;;;;;;;;;;;;
09.03.2025;Oberbürgermeisterwahl;06414000;99112;B99112 Briefwahlbezirk;1;0;;;;;;;;;;;;;;;;;;
09.03.2025;Oberbürgermeisterwahl;06414000;99113;B99113 Briefwahlbezirk;1;0;;;;;;;;;;;;;;;;;;
09.03.2025;Oberbürgermeisterwahl;06414000;99121;B99121 Briefwahlbezirk;1;0;;;;;;;;;;;;;;;;;;
09.03.2025;Oberbürgermeisterwahl;06414000;99122;B99122 Briefwahlbezirk;1;0;;;;;;;;;;;;;;;;;;
09.03.2025;Oberbürgermeisterwahl;06414000;99123;B99123 Briefwahlbezirk;1;0;;;;;;;;;;;;;;;;;;
09.03.2025;Oberbürgermeisterwahl;06414000;99124;B99124 Briefwahlbezirk;1;0;;;;;;;;;;;;;;;;;;
09.03.2025;Oberbürgermeisterwahl;06414000;99131;B99131 Briefwahlbezirk;1;0;;;;;;;;;;;;;;;;;;
09.03.2025;Oberbürgermeisterwahl;06414000;99132;B99132 Briefwahlbezirk;1;0;;;;;;;;;;;;;;;;;;
09.03.2025;Oberbürgermeisterwahl;06414000;99133;B99133 Briefwahlbezirk;1;0;;;;;;;;;;;;;;;;;;
09.03.2025;Oberbürgermeisterwahl;06414000;99141;B99141 Briefwahlbezirk;1;0;;;;;;;;;;;;;;;;;;
09.03.2025;Oberbürgermeisterwahl;06414000;99142;B99142 Briefwahlbezirk;1;0;;;;;;;;;;;;;;;;;;
09.03.2025;Oberbürgermeisterwahl;06414000;99143;B99143 Briefwahlbezirk;1;0;;;;;;;;;;;;;;;;;;
09.03.2025;Oberbürgermeisterwahl;06414000;99144;B99144 Briefwahlbezirk;1;0;;;;;;;;;;;;;;;;;;
09.03.2025;Oberbürgermeisterwahl;06414000;99145;B99145 Briefwahlbezirk;1;0;;;;;;;;;;;;;;;;;;
09.03.2025;Oberbürgermeisterwahl;06414000;99146;B99146 Briefwahlbezirk;1;0;;;;;;;;;;;;;;;;;;
09.03.2025;Oberbürgermeisterwahl;06414000;99147;B99147 Briefwahlbezirk;1;0;;;;;;;;;;;;;;;;;;
09.03.2025;Oberbürgermeisterwahl;06414000;99148;B99148 Briefwahlbezirk;1;0;;;;;;;;;;;;;;;;;;
09.03.2025;Oberbürgermeisterwahl;06414000;99149;B99149 Briefwahlbezirk;1;0;;;;;;;;;;;;;;;;;;
09.03.2025;Oberbürgermeisterwahl;06414000;99161;B99161 Briefwahlbezirk;1;0;;;;;;;;;;;;;;;;;;
09.03.2025;Oberbürgermeisterwahl;06414000;99162;B99162 Briefwahlbezirk;1;0;;;;;;;;;;;;;;;;;;
09.03.2025;Oberbürgermeisterwahl;06414000;99163;B99163 Briefwahlbezirk;1;0;;;;;;;;;;;;;;;;;;
09.03.2025;Oberbürgermeisterwahl;06414000;99164;B99164 Briefwahlbezirk;1;0;;;;;;;;;;;;;;;;;;
09.03.2025;Oberbürgermeisterwahl;06414000;99165;B99165 Briefwahlbezirk;1;0;;;;;;;;;;;;;;;;;;
09.03.2025;Oberbürgermeisterwahl;06414000;99166;B99166 Briefwahlbezirk;1;0;;;;;;;;;;;;;;;;;;
09.03.2025;Oberbürgermeisterwahl;06414000;99167;B99167 Briefwahlbezirk;1;0;;;;;;;;;;;;;;;;;;
09.03.2025;Oberbürgermeisterwahl;06414000;99211;B99211 Briefwahlbezirk;1;0;;;;;;;;;;;;;;;;;;
09.03.2025;Oberbürgermeisterwahl;06414000;99221;B99221 Briefwahlbezirk;1;0;;;;;;;;;;;;;;;;;;
09.03.2025;Oberbürgermeisterwahl;06414000;99231;B99231 Briefwahlbezirk;1;0;;;;;;;;;;;;;;;;;;
09.03.2025;Oberbürgermeisterwahl;06414000;99241;B99241 Briefwahlbezirk;1;0;;;;;;;;;;;;;;;;;;
09.03.2025;Oberbürgermeisterwahl;06414000;99251;B99251 Briefwahlbezirk;1;0;;;;;;;;;;;;;;;;;;
09.03.2025;Oberbürgermeisterwahl;06414000;99252;B99252 Briefwahlbezirk;1;0;;;;;;;;;;;;;;;;;;
09.03.2025;Oberbürgermeisterwahl;06414000;99253;B99253 Briefwahlbezirk;1;0;;;;;;;;;;;;;;;;;;
09.03.2025;Oberbürgermeisterwahl;06414000;99261;B99261 Briefwahlbezirk;1;0;;;;;;;;;;;;;;;;;;
09.03.2025;Oberbürgermeisterwahl;06414000;99262;B99262 Briefwahlbezirk;1;0;;;;;;;;;;;;;;;;;;
09.03.2025;Oberbürgermeisterwahl;06414000;99271;B99271 Briefwahlbezirk;1;0;;;;;;;;;;;;;;;;;;
09.03.2025;Oberbürgermeisterwahl;06414000;99272;B99272 Briefwahlbezirk;1;0;;;;;;;;;;;;;;;;;;
09.03.2025;Oberbürgermeisterwahl;06414000;99273;B99273 Briefwahlbezirk;1;0;;;;;;;;;;;;;;;;;;
09.03.2025;Oberbürgermeisterwahl;06414000;99281;B99281 Briefwahlbezirk;1;0;;;;;;;;;;;;;;;;;;
09.03.2025;Oberbürgermeisterwahl;06414000;99311;B99311 Briefwahlbezirk;1;0;;;;;;;;;;;;;;;;;;
09.03.2025;Oberbürgermeisterwahl;06414000;99312;B99312 Briefwahlbezirk;1;0;;;;;;;;;;;;;;;;;;
09.03.2025;Oberbürgermeisterwahl;06414000;99321;B99321 Briefwahlbezirk;1;0;;;;;;;;;;;;;;;;;;
09.03.2025;Oberbürgermeisterwahl;06414000;99322;B99322 Briefwahlbezirk;1;0;;;;;;;;;;;;;;;;;;
09.03.2025;Oberbürgermeisterwahl;06414000;99331;B99331 Briefwahlbezirk;1;0;;;;;;;;;;;;;;;;;;
09.03.2025;Oberbürgermeisterwahl;06414000;99341;B99341 Briefwahlbezirk;1;0;;;;;;;;;;;;;;;;;;
09.03.2025;Oberbürgermeisterwahl;06414000;99342;B99342 Briefwahlbezirk;1;0;;;;;;;;;;;;;;;;;;
09.03.2025;Oberbürgermeisterwahl;06414000;99511;B99511 Briefwahlbezirk;1;0;;;;;;;;;;;;;;;;;;
09.03.2025;Oberbürgermeisterwahl;06414000;99521;B99521 Briefwahlbezirk;1;0;;;;;;;;;;;;;;;;;;
09.03.2025;Oberbürgermeisterwahl;06414000;99522;B99522 Briefwahlbezirk;1;0;;;;;;;;;;;;;;;;;;
09.03.2025;Oberbürgermeisterwahl;06414000;99523;B99523 Briefwahlbezirk;1;0;;;;;;;;;;;;;;;;;;
09.03.2025;Oberbürgermeisterwahl;06414000;99531;B99531 Briefwahlbezirk;1;0;;;;;;;;;;;;;;;;;;
09.03.2025;Oberbürgermeisterwahl;06414000;99532;B99532 Briefwahlbezirk;1;0;;;;;;;;;;;;;;;;;;
09.03.2025;Oberbürgermeisterwahl;06414000;99533;B99533 Briefwahlbezirk;1;0;;;;;;;;;;;;;;;;;;
09.03.2025;Oberbürgermeisterwahl;06414000;99534;B99534 Briefwahlbezirk;1;0;;;;;;;;;;;;;;;;;;
